winamax,unibet,sub
AALBORG,AALBORG BK,AALBORG
ODENSE,ODENSE BOLDKLUB,ODENSE
LIVINGSTON FC,LIVINGSTON,LIVINGSTON
ADELAIDE UNITED FC,ADELAIDE UNITED,ADELAIDE UNITED
PERTH GLORY FC,PERTH GLORY,PERTH GLORY
BRISBANE ROAR FC,BRISBANE ROAR,BRISBANE ROAR
WESTERN UNITED,WESTERN UNITED FC,WESTERN UNITED
AIK STOCKHOLM,AIK,AIK
VARBERGS BOIS,VARBERGS,VARBERGS
DJURGARDENS,DJURGARDENS IF,DJURGARDENS
ZWOLLE,PEC ZWOLLE,ZWOLLE
ALCORCON,ALCORCON AD,ALCORCON
GIJON,SPORTING GIJON,GIJON
ALTAY IZMIR,ALTAY SK,ALTAY SK
AMERICA MINEIRO MG,AMERICA FC,AMERICA FC
TOLIMA,DEPORTES TOLIMA,TOLIMA
ARABIE SAOUDITE,A. SAOUDITE,ARABIE SAOUDITE
ATLETICO GO,ATLETICO GOIANIENSE,ATLETICO GO
ATLÉTICO MINEIRO,ATLETICO MINEIRO,ATLETICO MINEIRO
ATLETICO NACIONAL MEDELLIN,ATLETICO NACIONAL,ATLETICO NACIONAL
ATLÉTICO PARANAENSE,ATLETICO PARANAENSE,ATLETICO PARANAENSE
U.N.A.M.,PUMAS UNAM,PUMAS UNAM
VANCOUVER,VANCOUVER WHITECAPS FC,VANCOUVER
BALLYMENA,BALLYMENA UNITED FC,BALLYMENA
BORUSSIA DORTMUND,DORTMUND,DORTMUND
TERNANA,TERNANA CALCIO,TERNANA
ACADEMICO VISEU,ACADÉMICO DE VISEU,ACADEMICO VISEU
BIRMINGHAM,BIRMINGHAM C.,BIRMINGHAM
MILLWALL,MILLWALL FC,MILLWALL
BNEI SAKHNIN,BNEI SAKHNIN FC,BNEI SAKHNIN
BOAVISTA,BOAVISTA FC,BOAVISTA
BODØ/GLIMT,BODO/GLIMT,BODO/GLIMT
HRADEC KRALOVE,FC HRADEC KRALOVE,HRADEC KRALOVE
SAINT-ÉTIENNE,SAINT-ETIENNE,SAINT-ETIENNE
KEFLAVIK,KEFLAVIK IF,KEFLAVIK
MELBOURNE VICTORY FC,MELBOURNE VICTORY,MELBOURNE VICTORY
BRØNDBY,BRONDBY,BRONDBY
MIDTJYLLAND,FC MIDTJYLLAND,MIDTJYLLAND
HELLAS VÉRONE,HELLAS VERONE,HELLAS VERONE
CARRICK RANGERS,CARRICK RANGERS FC,CARRICK RANGERS
TONDELA,CD TONDELA,TONDELA
CD UNIVERSIDAD CATOLICA,CD UNIVERSIDAD CATOLICA DEL ECUADOR,CD UNIVERSIDAD CATOLICA
TECNICO UNIVERSITARIO,CD TECNICO UNIVERSITARIO,TECNICO UNIVERSITARIO
CENTRAL COAST MARINERS FC,CENTRAL COAST MARINERS,CENTRAL COAST MARINERS
WESTERN UNITED,WESTERN UNITED FC,WESTERN UNITED
FARUL CONSTANȚA,FARUL CONSTANTA,FARUL CONSTANTA
ROYAL ANTWERP FC,ROYAL ANTWERP,ROYAL ANTWERP
12 DE OCTUBRE DE ITAUGUA,12 DE OCTUBRE FC,12 DE OCTUBRE FC
OLIMPIA ASUNCION,CLUB OLIMPIA,OLIMPIA ASUNCION
QUERÉTARO,QUERETARO FC,QUERETARO FC
COLORADO RAPIDS,COLORADO RAP.,COLORADO RAPIDS
DEPORTES UNION LA CALERA,UNION LA CALERA,UNION LA CALERA
LEEDS,LEEDS UNITED,LEEDS
CLUB SPORT EMELEC,CS EMELEC,CS EMELEC
NEW ENGLAND REVOLUTION,NEW ENGLAND REV.,NEW ENGLAND REVOLUTION
ÁGUILAS DORADAS,RIONEGRO AGUILAS,RIONEGRO AGUILAS
UC DUBLIN,UNIVERSITY COLLEGE DUBLIN,UC DUBLIN
DUNDALK,DUNDALK FC,DUNDALK
SHELBOURNE DUBLIN,SHELBOURNE FC,SHELBOURNE FC
DUNDEE FC,DUNDEE UNITED,DUNDEE FC
DUNGANNON,DUNGANNON FC,DUNGANNON
ÉCOSSE,ECOSSE,ECOSSE
TSG HOFFENHEIM,HOFFENHEIM,HOFFENHEIM
HANSA ROSTOCK,FC HANSA ROSTOCK,HANSA ROSTOCK
FARUL CONSTANȚA,FARUL CONSTANTA,FARUL CONSTANTA
FATIH KARAGUMRUK ISTANBUL,FATIH KARAGUMRUK,FATIH KARAGUMRUK
FC ALASHKERT,ALASHKERT,ALASHKERT
FC ARGES,FC ARGES PITESTI,FC ARGES
LUCERNE,FC LUCERNE,LUCERNE
GÉRONE,GERONE,GERONE
FC CARTAGENA,FC CARTHAGÈNE,FC CARTAGENA
VAASA,VAASAN PALLOSEURA,VAASA
MAZATLÁN F.C.,MAZATLAN FC,MAZATLAN FC
CF CADIZ,CADIZ CF,CADIZ CF
FC SÉVILLE,FC SÉVILLE,FC SEVILLE
AROUCA,FC AROUCA,AROUCA
FC ZURICH,FC ZÜRICH,FC ZURICH
SION,FC SION,SION
FC ARGES,FC ARGES PITESTI,FC ARGES
UJPEST,UJPEST FC,UJPEST
FEYENOORD,FEYENOORD ROTTERDAM,FEYENOORD
UTRECHT,FC UTRECHT,UTRECHT
FRAM,FRAM REYKJAVIK,FRAM
MONZA,AC MONZA,MONZA
FUENLABRADA CF,FUENLABRADA,FUENLABRADA
PRESTON NORTH END,PRESTON N. END,PRESTON N. END
KALMAR,KALMAR FF,KALMAR
GIL VICENTE,GIL VICENTE FC,GIL VICENTE
PAÇOS DE FERREIRA,FC PACOS FERREIRA,FC PACOS FERREIRA
LARNE,LARNE FC,LARNE
RIZESPOR,CAYK. RIZESPOR,RIZESPOR
GÖZTEPE AS,GOZTEPE SK,GOZTEPE SK
GRENOBLE,GRENOBLE FOOT,GRENOBLE
GREUTHER FÜRTH,GREUTHER FURTH,GREUTHER FURTH
GYIRMOT FC,GYIRMOT FC GYOR,GYIRMOT FC
HAM-KAM,HAMARKAMERATENE,HAM-KAM
AALESUND,AALESUNDS FK,AALESUND
MS ASHDOD,FC ASHDOD,MS ASHDOD
BEITAR TRUMP JERUSALEM,BEITAR JERUSALEM,BEITAR JERUSALEM
HAPOEL KATAMON JERUSALEM,HAPOEL JERUSALEM,HAPOEL JERUSALEM
ALTAY IZMIR,ALTAY SK,ALTAY SK
CAMBUUR,SC CAMBUUR,CAMBUUR
SAMPDORIA GÊNES,SAMPDORIA,SAMPDORIA
ELFSBORG,IF ELFSBORG,ELFSBORG
HÄCKEN,BK HACKEN,BK HACKEN
TWENTE,FC TWENTE,TWENTE
VFB STUTTGART,STUTTGART,STUTTGART
INTER TURKU,FC INTER TURKU,INTER TURKU
HEIDENHEIM,FC HEIDENHEIM 1846,HEIDENHEIM
IFK GÖTEBORG,IFK GOTEBORG,IFK GOTEBORG
DJURGARDENS,DJURGARDENS IF,DJURGARDENS
MALMÖ,MALMO FF,MALMO FF
IFK VÄRNAMO,IFK VARNAMO,IFK VARNAMO
IK SIRIUS,IK SIRIUS FK,IK SIRIUS
DEPORTIVO CUENCA,CD CUENCA,CD CUENCA
ATLANTA UNITED FC,ATLANTA UNITED,ATLANTA UNITED
JAGUARES DE CORDOBA,JAGUARES D. CORDOBA,JAGUARES DE CORDOBA
NORRKÖPING,NORRKOPING,NORRKOPING
KALMAR,KALMAR FF,KALMAR
FATIH KARAGUMRUK ISTANBUL,FATIH KARAGUMRUK,FATIH KARAGUMRUK
RACING GENK,GENK,GENK